"Gene","Rho","Pvalue","FDR"
"PDCD1",0.670270961967541,1.21762912115056e-86,3.65288736345167e-86
"CD274",0.615458302697491,1.57265673094367e-69,3.14531346188734e-69
"CTLA4",0.538244798604242,1.80297298697229e-50,2.70445948045844e-50
"LAG3",0.277212541854817,5.07883459275225e-13,6.0946015113027e-13
"TIGIT",0.240154740345094,4.78887789910449e-10,4.78887789910449e-10
"HAVCR2",0.889744842008997,1.36068623524968e-224,8.1641174114981e-224
