"Variable","HR","Lower_95_CI","Upper_95_CI","Pvalue"
"HAVCR2",1.0347618767722,1.02238460897633,1.04728898715838,2.61191025600528e-08
